{
    "epoch": 3.99,
    "eval_loss": 0.9892578125,
    "eval_runtime": 152.3751,
    "eval_samples": 15017,
    "eval_samples_per_second": 98.553,
    "eval_steps_per_second": 0.263,
    "perplexity": 2.6892378128038477,
    "train_loss": 0.966540243381109,
    "train_runtime": 15828.5254,
    "train_samples": 120140,
    "train_samples_per_second": 30.36,
    "train_steps_per_second": 0.01
}